{
    "MAE_Delay": [
        [
            189.03318647166358,
            578.3818970861748
        ],
        [
            43.8206531603481,
            64.33228403016922
        ],
        [
            47.499580233553004,
            50.177028993975966
        ],
        [
            320.2989862135028,
            394.8820395738204
        ],
        [
            640.6375985356142,
            720.6740088105727
        ],
        [
            899.1693766921047,
            1029.3723252496434
        ],
        [
            1303.4611389121637,
            1334.2725450901803
        ],
        [
            1596.6789011890517,
            1634.3992606284658
        ],
        [
            5522.177087547371,
            5110.962758172061
        ]
    ],
    "MAE_Horizon": [
        [
            30.012959616651266,
            35.718898365391766
        ],
        [
            47.736963900635075,
            59.60926698035349
        ],
        [
            67.93204095354064,
            82.97381817979831
        ],
        [
            263.0348025758617,
            274.37317317744447
        ]
    ],
    "Training_Time": 4555.056031942368
}