{
    "MAE_Delay": [
        [
            217.27275442321664,
            578.3818970861748
        ],
        [
            47.39811769637437,
            64.33228403016922
        ],
        [
            45.89115164877192,
            50.177028993975966
        ],
        [
            318.13771377064705,
            394.8820395738204
        ],
        [
            577.5586358287139,
            720.6740088105727
        ],
        [
            814.3745271149957,
            1029.3723252496434
        ],
        [
            1141.8859708070577,
            1334.2725450901803
        ],
        [
            1440.725614163261,
            1634.3992606284658
        ],
        [
            4860.225805316982,
            5110.962758172061
        ]
    ],
    "MAE_Horizon": [
        [
            32.321417864374695,
            35.718898365391766
        ],
        [
            48.202740755260265,
            59.60926698035349
        ],
        [
            66.10106436363924,
            82.97381817979831
        ],
        [
            240.44012995165286,
            274.37317317744447
        ]
    ],
    "Training_Time": 1612.1842997074127
}