{
    "MAE_Delay": [
        [
            330.2644484259832,
            553.448275862069
        ],
        [
            66.75639071819714,
            64.91287430214854
        ],
        [
            83.39219737933588,
            56.53205184727978
        ],
        [
            358.06595624252793,
            405.89951377633713
        ],
        [
            798.1926988985689,
            697.4025974025974
        ],
        [
            2011.470660508765,
            1038.5454545454545
        ],
        [
            1474.277228601259,
            1361.5384615384614
        ],
        [
            1468.15634810393,
            1509.0
        ],
        [
            3616.7674962922633,
            3008.5
        ]
    ],
    "MAE_Horizon": [
        [
            49.024829970521495,
            36.007130124777184
        ],
        [
            74.41894557617763,
            64.82201354007425
        ],
        [
            107.0849185269761,
            93.31853875042677
        ],
        [
            211.18574393056448,
            170.29535864978902
        ]
    ],
    "Training_Time": 48.93174076080322
}