{
    "MAE_Delay": [
        [
            203.70112362650138,
            578.3818970861748
        ],
        [
            41.13159042138445,
            64.33228403016922
        ],
        [
            50.7253140915043,
            50.177028993975966
        ],
        [
            322.5849997245068,
            394.8820395738204
        ],
        [
            583.6074018543982,
            720.6740088105727
        ],
        [
            803.446325945758,
            1029.3723252496434
        ],
        [
            1119.2686637194943,
            1334.2725450901803
        ],
        [
            1409.0551811723017,
            1634.3992606284658
        ],
        [
            4541.859636637924,
            5110.962758172061
        ]
    ],
    "MAE_Horizon": [
        [
            31.81779295550427,
            35.718898365391766
        ],
        [
            49.41434117342561,
            59.60926698035349
        ],
        [
            68.50823941722895,
            82.97381817979831
        ],
        [
            235.7666972564616,
            274.37317317744447
        ]
    ],
    "Training_Time": 3002.039351940155
}