{
    "MAE_Delay": [
        [
            432.9142875030379,
            365.4374383446942
        ],
        [
            106.32751552515153,
            89.25696802164786
        ],
        [
            120.89298115901074,
            108.47022703857581
        ],
        [
            423.375027516365,
            444.2752779004749
        ],
        [
            711.0026447050612,
            730.610289684309
        ],
        [
            1053.5469114144994,
            1041.9456802103928
        ],
        [
            1316.9376176246458,
            1342.9095393815837
        ],
        [
            1589.3601444823869,
            1639.5459413656913
        ],
        [
            4497.3064133638545,
            4499.971528470509
        ]
    ],
    "MAE_Horizon": [
        [
            92.26629379029681,
            74.08486641681743
        ],
        [
            155.25570849452166,
            144.64180641587546
        ],
        [
            271.2521836434651,
            265.1964997472315
        ],
        [
            1238.7569149849317,
            1246.167747129193
        ]
    ],
    "Training_Time": 33.2282350063324
}