{
    "MAE_Delay": [
        [
            224.5571525247225,
            578.3818970861748
        ],
        [
            50.12214222375392,
            64.33228403016922
        ],
        [
            48.91102074541956,
            50.177028993975966
        ],
        [
            317.8495523745783,
            394.8820395738204
        ],
        [
            585.6045879644801,
            720.6740088105727
        ],
        [
            846.4671031726105,
            1029.3723252496434
        ],
        [
            1175.9711191585636,
            1334.2725450901803
        ],
        [
            1483.284665345791,
            1634.3992606284658
        ],
        [
            4935.829215318762,
            5110.962758172061
        ]
    ],
    "MAE_Horizon": [
        [
            35.6381952282659,
            35.718898365391766
        ],
        [
            50.95255181209468,
            59.60926698035349
        ],
        [
            68.30912469381764,
            82.97381817979831
        ],
        [
            246.21308157829432,
            274.37317317744447
        ]
    ],
    "Training_Time": 1179.397880077362
}