{
    "MAE_Delay": [
        [
            238.19454282524342,
            578.3818970861748
        ],
        [
            57.74449197170697,
            64.33228403016922
        ],
        [
            52.11396640170392,
            50.177028993975966
        ],
        [
            307.72537074967676,
            394.8820395738204
        ],
        [
            553.0035224263447,
            720.6740088105727
        ],
        [
            764.391061775478,
            1029.3723252496434
        ],
        [
            1108.1649483083547,
            1334.2725450901803
        ],
        [
            1475.1722983544614,
            1634.3992606284658
        ],
        [
            4848.027973249997,
            5110.962758172061
        ]
    ],
    "MAE_Horizon": [
        [
            34.1207501514659,
            35.718898365391766
        ],
        [
            52.9595188268632,
            59.60926698035349
        ],
        [
            74.97394183599847,
            82.97381817979831
        ],
        [
            258.7546368826343,
            274.37317317744447
        ]
    ],
    "Training_Time": 4645.105611085892
}