{
    "MAE_Delay": [
        [
            211.29863691433698,
            419.7175675675676
        ],
        [
            54.88289670967763,
            79.81842094506705
        ],
        [
            68.25692097757626,
            62.34998121604439
        ],
        [
            396.74583588366,
            399.08142510333965
        ],
        [
            684.9286683211575,
            717.1260153167789
        ],
        [
            969.8954311285403,
            1023.3180428134557
        ],
        [
            1207.3013119715513,
            1331.4545454545455
        ],
        [
            1482.6538206566076,
            1641.7411545623836
        ],
        [
            1766.7351202281773,
            1940.0139275766016
        ],
        [
            2020.1311892234621,
            2220.3143418467585
        ],
        [
            4190.453445422037,
            4481.092353525322
        ]
    ],
    "MAE_Horizon": [
        [
            34.453141125682286,
            28.45771055605263
        ],
        [
            49.6291843450559,
            52.273594120656774
        ],
        [
            64.97901740301657,
            70.39241685159476
        ],
        [
            76.9734562274163,
            86.78594056418765
        ],
        [
            87.38256774691719,
            99.0212289609403
        ],
        [
            100.27875250671575,
            113.56238321668198
        ],
        [
            182.9420437428848,
            199.95317622765228
        ]
    ],
    "Training_Time": 27.56190586090088
}