{
    "MAE_Delay": [
        [
            232.34342497799167,
            419.7175675675676
        ],
        [
            58.91698270642845,
            79.81842094506705
        ],
        [
            66.97305964212242,
            62.34998121604439
        ],
        [
            389.1110726050274,
            399.08142510333965
        ],
        [
            671.85861800884,
            717.1260153167789
        ],
        [
            933.5831604815642,
            1023.3180428134557
        ],
        [
            1164.764300608637,
            1331.4545454545455
        ],
        [
            1402.8820203156624,
            1641.7411545623836
        ],
        [
            1633.5212440642015,
            1940.0139275766016
        ],
        [
            1860.8971091264684,
            2220.3143418467585
        ],
        [
            3956.759198478956,
            4481.092353525322
        ]
    ],
    "MAE_Horizon": [
        [
            37.116656877840995,
            28.45771055605263
        ],
        [
            51.84023861928565,
            52.273594120656774
        ],
        [
            66.3467971519221,
            70.39241685159476
        ],
        [
            78.52981089798548,
            86.78594056418765
        ],
        [
            88.02486933064823,
            99.0212289609403
        ],
        [
            99.43729531952604,
            113.56238321668198
        ],
        [
            177.8631614328018,
            199.95317622765228
        ]
    ],
    "Training_Time": 72.51146221160889
}