{
    "MAE_Delay": [
        [
            216.25979483755992,
            419.7175675675676
        ],
        [
            55.67649423086645,
            79.81842094506705
        ],
        [
            68.34342936548491,
            62.34998121604439
        ],
        [
            395.7619380758112,
            399.08142510333965
        ],
        [
            679.388181560941,
            717.1260153167789
        ],
        [
            963.3107339268902,
            1023.3180428134557
        ],
        [
            1192.611188643062,
            1331.4545454545455
        ],
        [
            1453.9295861443686,
            1641.7411545623836
        ],
        [
            1722.288135716442,
            1940.0139275766016
        ],
        [
            1960.7044656977573,
            2220.3143418467585
        ],
        [
            4135.901814317416,
            4481.092353525322
        ]
    ],
    "MAE_Horizon": [
        [
            35.05916601796295,
            28.45771055605263
        ],
        [
            50.31545705769905,
            52.273594120656774
        ],
        [
            65.28811863273881,
            70.39241685159476
        ],
        [
            77.61641556397448,
            86.78594056418765
        ],
        [
            87.58404871844628,
            99.0212289609403
        ],
        [
            100.03084706622056,
            113.56238321668198
        ],
        [
            182.02636199894914,
            199.95317622765228
        ]
    ],
    "Training_Time": 40.519601821899414
}