{
    "MAE_Delay": [
        [
            301.08729055572326,
            452.1933962264151
        ],
        [
            64.8089126725646,
            80.0359186019174
        ],
        [
            68.54779932471943,
            61.32609946798804
        ],
        [
            376.0973227270437,
            400.9494884910486
        ],
        [
            710.2300800621277,
            717.8403755868544
        ],
        [
            877.0619954047875,
            1017.8433476394849
        ],
        [
            1202.126554409263,
            1327.122736418511
        ],
        [
            1490.6370647017536,
            1626.6952789699571
        ],
        [
            3484.3950583477817,
            3452.8571428571427
        ]
    ],
    "MAE_Horizon": [
        [
            34.50647042084176,
            27.029756375295914
        ],
        [
            56.400486843857045,
            57.48952894600952
        ],
        [
            73.6565371143189,
            77.01276800770898
        ],
        [
            141.57636129162265,
            149.16684713209324
        ]
    ],
    "Training_Time": 6.752648830413818
}