{
    "MAE_Delay": [
        [
            228.04396349339567,
            419.7175675675676
        ],
        [
            58.09107514472129,
            79.81842094506705
        ],
        [
            67.7740108668003,
            62.34998121604439
        ],
        [
            391.4060688758996,
            399.08142510333965
        ],
        [
            674.8124985508418,
            717.1260153167789
        ],
        [
            935.8860246957552,
            1023.3180428134557
        ],
        [
            1159.4811131543224,
            1331.4545454545455
        ],
        [
            1407.645660536331,
            1641.7411545623836
        ],
        [
            1633.8060848167504,
            1940.0139275766016
        ],
        [
            1843.4755910530437,
            2220.3143418467585
        ],
        [
            3952.1814037127833,
            4481.092353525322
        ]
    ],
    "MAE_Horizon": [
        [
            37.311333437240016,
            28.45771055605263
        ],
        [
            51.83630105781627,
            52.273594120656774
        ],
        [
            66.41172399302707,
            70.39241685159476
        ],
        [
            78.39922163129978,
            86.78594056418765
        ],
        [
            88.08817535267727,
            99.0212289609403
        ],
        [
            100.02594898204723,
            113.56238321668198
        ],
        [
            178.34261383135046,
            199.95317622765228
        ]
    ],
    "Training_Time": 62.00057911872864
}