{
    "MAE_Delay": [
        [
            202.24278375122847,
            419.7175675675676
        ],
        [
            54.61082261672331,
            79.81842094506705
        ],
        [
            70.94221334600506,
            62.34998121604439
        ],
        [
            406.87393339726964,
            399.08142510333965
        ],
        [
            704.9744202378063,
            717.1260153167789
        ],
        [
            998.7958189528817,
            1023.3180428134557
        ],
        [
            1243.227512174142,
            1331.4545454545455
        ],
        [
            1552.1838135757494,
            1641.7411545623836
        ],
        [
            1823.023587502733,
            1940.0139275766016
        ],
        [
            2201.5384676478006,
            2220.3143418467585
        ],
        [
            4430.188732022538,
            4481.092353525322
        ]
    ],
    "MAE_Horizon": [
        [
            35.90272474301831,
            28.45771055605263
        ],
        [
            50.86519457872106,
            52.273594120656774
        ],
        [
            66.06699705081138,
            70.39241685159476
        ],
        [
            78.18947587227342,
            86.78594056418765
        ],
        [
            89.10859985770537,
            99.0212289609403
        ],
        [
            102.26258578132585,
            113.56238321668198
        ],
        [
            189.3074095252111,
            199.95317622765228
        ]
    ],
    "Training_Time": 16.093932628631592
}