{
    "MAE_Delay": [
        [
            232.58163388676917,
            419.7175675675676
        ],
        [
            59.348699273410155,
            79.81842094506705
        ],
        [
            66.89680692404151,
            62.34998121604439
        ],
        [
            388.7077209484688,
            399.08142510333965
        ],
        [
            678.0280326716701,
            717.1260153167789
        ],
        [
            938.0862534281482,
            1023.3180428134557
        ],
        [
            1165.2137112203552,
            1331.4545454545455
        ],
        [
            1416.6045463780313,
            1641.7411545623836
        ],
        [
            1660.5885940849755,
            1940.0139275766016
        ],
        [
            1890.3928820064875,
            2220.3143418467585
        ],
        [
            3810.7546060670097,
            4481.092353525322
        ]
    ],
    "MAE_Horizon": [
        [
            37.09799097344478,
            28.45771055605263
        ],
        [
            51.81923263677799,
            52.273594120656774
        ],
        [
            66.34979454808978,
            70.39241685159476
        ],
        [
            78.67936013140856,
            86.78594056418765
        ],
        [
            88.31637865290988,
            99.0212289609403
        ],
        [
            100.0625975960352,
            113.56238321668198
        ],
        [
            177.12168886743444,
            199.95317622765228
        ]
    ],
    "Training_Time": 84.97417187690735
}