{
    "MAE_Delay": [
        [
            246.49679540768483,
            419.7175675675676
        ],
        [
            61.156955177548426,
            79.81842094506705
        ],
        [
            64.64987010885095,
            62.34998121604439
        ],
        [
            381.55095144308484,
            399.08142510333965
        ],
        [
            667.466660612156,
            717.1260153167789
        ],
        [
            921.4522592965423,
            1023.3180428134557
        ],
        [
            1136.2019348887236,
            1331.4545454545455
        ],
        [
            1364.1395139661568,
            1641.7411545623836
        ],
        [
            1580.9478096466148,
            1940.0139275766016
        ],
        [
            1773.7112310224322,
            2220.3143418467585
        ],
        [
            3691.44880974457,
            4481.092353525322
        ]
    ],
    "MAE_Horizon": [
        [
            35.96940660886775,
            28.45771055605263
        ],
        [
            50.93243851585068,
            52.273594120656774
        ],
        [
            65.50183779905603,
            70.39241685159476
        ],
        [
            77.77558560030947,
            86.78594056418765
        ],
        [
            87.69782763232584,
            99.0212289609403
        ],
        [
            99.26617482920018,
            113.56238321668198
        ],
        [
            174.0845899655626,
            199.95317622765228
        ]
    ],
    "Training_Time": 152.99785804748535
}