{
    "MAE_Delay": [
        [
            389.228551314434,
            545.1345403954418
        ],
        [
            41.613112371974864,
            45.190736364089865
        ],
        [
            30.547614072403974,
            35.239194207295284
        ],
        [
            312.64544714906174,
            407.0893507252715
        ],
        [
            655.4931196724746,
            720.3378758384723
        ],
        [
            991.7690499094582,
            1029.7439145710448
        ],
        [
            1433.6391969111983,
            1335.8779953195126
        ],
        [
            1625.508308884442,
            1630.1905938203533
        ],
        [
            6636.650701323708,
            5490.443300904946
        ]
    ],
    "MAE_Horizon": [
        [
            23.612703928469198,
            26.820663598976907
        ],
        [
            38.2342085015424,
            43.24190670072452
        ],
        [
            55.030828259749875,
            63.923181094457654
        ],
        [
            248.789759338881,
            243.22278544514126
        ]
    ],
    "Training_Time": 33.982259035110474
}