{
    "MAE_Delay": [
        [
            232.68677108649786,
            419.7175675675676
        ],
        [
            59.16369973584822,
            79.81842094506705
        ],
        [
            66.71403268554779,
            62.34998121604439
        ],
        [
            389.00894518012984,
            399.08142510333965
        ],
        [
            680.5332463456643,
            717.1260153167789
        ],
        [
            926.5912675729352,
            1023.3180428134557
        ],
        [
            1152.794690640329,
            1331.4545454545455
        ],
        [
            1387.9342546884802,
            1641.7411545623836
        ],
        [
            1612.9796829753323,
            1940.0139275766016
        ],
        [
            1806.228622833382,
            2220.3143418467585
        ],
        [
            3761.1074219331445,
            4481.092353525322
        ]
    ],
    "MAE_Horizon": [
        [
            37.03649073937942,
            28.45771055605263
        ],
        [
            51.638995081535164,
            52.273594120656774
        ],
        [
            66.29424008781425,
            70.39241685159476
        ],
        [
            78.60200109145296,
            86.78594056418765
        ],
        [
            88.03897993532895,
            99.0212289609403
        ],
        [
            100.05054851938364,
            113.56238321668198
        ],
        [
            175.8932716723588,
            199.95317622765228
        ]
    ],
    "Training_Time": 111.05268406867981
}