{
    "MAE_Delay": [
        [
            232.1943117527454,
            419.7175675675676
        ],
        [
            58.72040139147134,
            79.81842094506705
        ],
        [
            67.22765715854327,
            62.34998121604439
        ],
        [
            390.15897714988523,
            399.08142510333965
        ],
        [
            677.0436248324107,
            717.1260153167789
        ],
        [
            928.4540394146535,
            1023.3180428134557
        ],
        [
            1158.777682505061,
            1331.4545454545455
        ],
        [
            1380.701019732318,
            1641.7411545623836
        ],
        [
            1597.178201661735,
            1940.0139275766016
        ],
        [
            1794.861582564604,
            2220.3143418467585
        ],
        [
            3813.5459794341755,
            4481.092353525322
        ]
    ],
    "MAE_Horizon": [
        [
            36.937803192598935,
            28.45771055605263
        ],
        [
            51.81726757448689,
            52.273594120656774
        ],
        [
            66.3318949106528,
            70.39241685159476
        ],
        [
            78.63119685950622,
            86.78594056418765
        ],
        [
            88.2691385487603,
            99.0212289609403
        ],
        [
            100.15111062678358,
            113.56238321668198
        ],
        [
            176.58050383709315,
            199.95317622765228
        ]
    ],
    "Training_Time": 98.73097491264343
}