{
    "MAE_Delay": [
        [
            224.77989087882247,
            419.7175675675676
        ],
        [
            57.28915438137058,
            79.81842094506705
        ],
        [
            68.63248130093143,
            62.34998121604439
        ],
        [
            395.4138441623229,
            399.08142510333965
        ],
        [
            679.474657269256,
            717.1260153167789
        ],
        [
            948.4211387821548,
            1023.3180428134557
        ],
        [
            1179.5971090276885,
            1331.4545454545455
        ],
        [
            1430.8152057826958,
            1641.7411545623836
        ],
        [
            1679.0576467187132,
            1940.0139275766016
        ],
        [
            1908.090334135498,
            2220.3143418467585
        ],
        [
            4035.4484393773796,
            4481.092353525322
        ]
    ],
    "MAE_Horizon": [
        [
            37.5044532830583,
            28.45771055605263
        ],
        [
            52.22978621923192,
            52.273594120656774
        ],
        [
            66.79215583291382,
            70.39241685159476
        ],
        [
            78.59603757980405,
            86.78594056418765
        ],
        [
            88.29925955354018,
            99.0212289609403
        ],
        [
            100.48978632037607,
            113.56238321668198
        ],
        [
            180.2012054501494,
            199.95317622765228
        ]
    ],
    "Training_Time": 50.02037286758423
}