{
    "MAE_Delay": [
        [
            237.69347100013556,
            419.7175675675676
        ],
        [
            59.70509974789844,
            79.81842094506705
        ],
        [
            66.37821656185491,
            62.34998121604439
        ],
        [
            387.6227671095784,
            399.08142510333965
        ],
        [
            679.4375613535168,
            717.1260153167789
        ],
        [
            928.789322788252,
            1023.3180428134557
        ],
        [
            1148.222994154626,
            1331.4545454545455
        ],
        [
            1379.2480527689318,
            1641.7411545623836
        ],
        [
            1605.9217033504544,
            1940.0139275766016
        ],
        [
            1774.633180340063,
            2220.3143418467585
        ],
        [
            3711.665887348312,
            4481.092353525322
        ]
    ],
    "MAE_Horizon": [
        [
            37.093804418928706,
            28.45771055605263
        ],
        [
            51.71895790468131,
            52.273594120656774
        ],
        [
            66.50890429776486,
            70.39241685159476
        ],
        [
            78.93831176003926,
            86.78594056418765
        ],
        [
            88.41953863397556,
            99.0212289609403
        ],
        [
            99.85340900336759,
            113.56238321668198
        ],
        [
            174.99905459163455,
            199.95317622765228
        ]
    ],
    "Training_Time": 129.9414768218994
}