{
    "MAE_Delay": [
        [
            286.1128332300062,
            578.3818970861748
        ],
        [
            96.17856463777913,
            64.33228403016922
        ],
        [
            87.58663794921765,
            50.177028993975966
        ],
        [
            380.9872709020548,
            394.8820395738204
        ],
        [
            706.9856828193832,
            720.6740088105727
        ],
        [
            903.7538210719381,
            1029.3723252496434
        ],
        [
            1288.9779559118238,
            1334.2725450901803
        ],
        [
            1647.5046210720886,
            1634.3992606284658
        ],
        [
            5027.363798991706,
            5110.962758172061
        ]
    ],
    "MAE_Horizon": [
        [
            51.552028125033814,
            35.718898365391766
        ],
        [
            85.79553670164348,
            59.60926698035349
        ],
        [
            126.28526702425485,
            82.97381817979831
        ],
        [
            337.7936253100475,
            274.37317317744447
        ]
    ],
    "Training_Time": 263.2808539867401
}