{
    "MAE_Delay": [
        [
            209.47452483358296,
            578.3818970861748
        ],
        [
            50.340849125678034,
            64.33228403016922
        ],
        [
            54.252828085229936,
            50.177028993975966
        ],
        [
            341.2946321006368,
            394.8820395738204
        ],
        [
            649.4781520554116,
            720.6740088105727
        ],
        [
            914.5539075162352,
            1029.3723252496434
        ],
        [
            1324.4482850210316,
            1334.2725450901803
        ],
        [
            1657.1938125718802,
            1634.3992606284658
        ],
        [
            4994.662424165408,
            5110.962758172061
        ]
    ],
    "MAE_Horizon": [
        [
            39.86521605942136,
            35.718898365391766
        ],
        [
            54.332732999004605,
            59.60926698035349
        ],
        [
            73.04447112961404,
            82.97381817979831
        ],
        [
            256.7112351890033,
            274.37317317744447
        ]
    ],
    "Training_Time": 47.96987199783325
}