{
    "MAE_Delay": [
        [
            622.3174887857176,
            578.3818970861748
        ],
        [
            263.4944499945006,
            64.33228403016922
        ],
        [
            195.6821782895909,
            50.177028993975966
        ],
        [
            304.31329875674857,
            394.8820395738204
        ],
        [
            576.9133665631757,
            720.6740088105727
        ],
        [
            908.0577373001199,
            1029.3723252496434
        ],
        [
            1298.5938295345004,
            1334.2725450901803
        ],
        [
            1567.1720249316097,
            1634.3992606284658
        ],
        [
            6095.734139367235,
            5110.962758172061
        ]
    ],
    "MAE_Horizon": [
        [
            190.74062520344867,
            35.718898365391766
        ],
        [
            235.83132508125263,
            59.60926698035349
        ],
        [
            245.4351542602503,
            82.97381817979831
        ],
        [
            392.96265380177107,
            274.37317317744447
        ]
    ],
    "Training_Time": 18.565358877182007
}