{
    "MAE_Delay": [
        [
            650.2169988155365,
            553.448275862069
        ],
        [
            60.45239983463525,
            64.91287430214854
        ],
        [
            57.55490355643,
            56.53205184727978
        ],
        [
            358.90817441639746,
            405.89951377633713
        ],
        [
            750.9363639757231,
            697.4025974025974
        ],
        [
            1877.6513185241006,
            1038.5454545454545
        ],
        [
            950.0970830672826,
            1361.5384615384614
        ],
        [
            1006.740516281128,
            1509.0
        ],
        [
            3122.111814689636,
            3008.5
        ]
    ],
    "MAE_Horizon": [
        [
            39.41460034476843,
            36.007130124777184
        ],
        [
            60.689553765207165,
            64.82201354007425
        ],
        [
            91.28492328925171,
            93.31853875042677
        ],
        [
            171.99557399987387,
            170.29535864978902
        ]
    ],
    "Training_Time": 0.5818250179290771
}