{
    "MAE_Delay": [
        [
            205.66163843813044,
            578.3818970861748
        ],
        [
            46.76977427277964,
            64.33228403016922
        ],
        [
            48.81317068096488,
            50.177028993975966
        ],
        [
            328.9866603529771,
            394.8820395738204
        ],
        [
            666.1387437677597,
            720.6740088105727
        ],
        [
            971.4819208187532,
            1029.3723252496434
        ],
        [
            1408.8380049305317,
            1334.2725450901803
        ],
        [
            1799.8079516260334,
            1634.3992606284658
        ],
        [
            6146.8089018627825,
            5110.962758172061
        ]
    ],
    "MAE_Horizon": [
        [
            31.227612664278112,
            35.718898365391766
        ],
        [
            49.13795005404622,
            59.60926698035349
        ],
        [
            71.20716603613933,
            82.97381817979831
        ],
        [
            284.1988029966569,
            274.37317317744447
        ]
    ],
    "Training_Time": 60.410812854766846
}